{
  "employees": [
    {
      "id": "1",
      "username": "Axle",
      "password": "1234"
    },
    {
      "id": "2",
      "username": "Jane",
      "password": "1234"
    },
    {
      "id": "3",
      "username": "Mary",
      "password": "1234"
    },
    {
      "id": "914b",
      "userName": "Larry",
      "password": "1234"
    },
    {
      "id": "f564",
      "userName": "Neil",
      "password": "1234"
    },
    {
      "id": "e261",
      "userName": "Tanya",
      "password": "1234"
    },
    {
      "id": "e7f4",
      "username": "Norman",
      "password": "1234"
    }
  ]
}